BookName2019,BookPrice2019,BookName2018,BookPrice2018
Shusmo شسمو,56.25,القوقعة : يوميات متلصص,41.25
القوقعة : يوميات متلصص,41.25,أولاد حارتنا,73.5
قوة عقلك الباطن,52.5,الرجال من المريخ النساء من الزهرة,48.0
مع النبي صلى الله عليه وسلم,45.0,الإسلام بين الشرق والغرب,71.25
"سلسلة أغنية الجليد والنار : لعبة العروش, صدام الملوك, عاصفة السيوف",56.18,حيونة الإنسان,37.5
الأب الغني الأب الفقير,48.75,الأب الغني الأب الفقير,56.18
السماح بالرحيل : الطريق نحو التسليم,363.77,رواية 1984,37.5
فن اللامبالاة : لعيش حياة تخالف المألوف,45.0,التخلف الاجتماعي مدخل إلى سيكولوجية الإنسان المقهور,60.0
العصفورية,56.25,الخيميائي,18.0
لا تقولي إنك خائفة,37.5,العصفورية,45.0
صاحب الظل الطويل,33.75,حياة في الإدارة,37.5
سيدات القمر,26.25,خوارق اللاشعور : أو أسرار الشخصية الناجحة,41.25
الحارس في حقل الشوفان,37.5,زمن الخيول البيضاء : الملهاة الفلسطينية,48.75
قصتي : خمسين قصة في خمسين عاماً,48.75,سيكولوجية الجماهير,37.5
مهزلة العقل البشري,90.87,شرق المتوسط,30.0
Pharma Guide Pre-Work : Pharmacy Practice for Postgraduate_ Third Edition,39.38,شيفرة دافنتشي,56.25
قواعد العشق الأربعون,39.38,عالم صوفي : رواية حول تاريخ الفلسفة,86.26
غداً أجمل,75.01,كافكا على الشاطئ,60.0
خراب : كتاب عن الأمل,42.75,خماسية مدن الملح,187.51
أقوم قيلا,52.5,مهزلة العقل البشري,48.75
Shusmo شسمو,41.25,وعاظ السلاطين,48.75
القوقعة : يوميات متلصص,52.5,العادات السبع للناس الأكثر فعالية,72.98
قوة عقلك الباطن,45.0,السر,78.98
مع النبي صلى الله عليه وسلم,56.25,عداء الطائرة الورقية,52.5
الأب الغني الأب الفقير,56.18,ألف شمس ساطعة,52.5
السماح بالرحيل : الطريق نحو التسليم,48.75,مزرعة الحيوان,22.5
"سلسلة أغنية الجليد والنار : لعبة العروش, صدام الملوك, عاصفة السيوف",363.77,قواعد العشق الأربعون,39.38
العصفورية,45.0,فى قلبى أنثى عبرية,26.25
لا تقولي إنك خائفة,56.25,الرقص مع الحياة,33.75
فن اللامبالاة : لعيش حياة تخالف المألوف,37.5,من الذي حرك قطعة الجبن الخاصة بي؟,39.04
سيدات القمر,33.75,ثلاثية غرناطة,56.25
الحارس في حقل الشوفان,26.25,مميز بالأصفر : مقرر مختصر في العيش بحكمة والاختيار بذكاء,32.36
صاحب الظل الطويل,37.5,أقوم قيلا,52.5
قصتي : خمسين قصة في خمسين عاماً,48.75,تلك العتمة الباهرة,37.5
مهزلة العقل البشري,90.87,خرائط التيه,48.75
Pharma Guide Pre-Work : Pharmacy Practice for Postgraduate_ Third Edition,39.38,مائة من عظماء أمة الإسلام غيروا مجرى التاريخ :رؤية جديدة,46.88
قواعد العشق الأربعون,39.38,لعبة العروش : الكتاب الأول من أغنية الجليد والنار,112.51
غداً أجمل,75.01,أغنى رجل في بابل,22.85
خراب : كتاب عن الأمل,52.5,حديث الصباح,45.0
أقوم قيلا,40.5,البؤساء,35.63
خراب : كتاب عن الأمل,40.5,عزاءات الفلسفة : كيف تساعدنا الفلسفة في الحياة,41.25
حيونة الإنسان,71.25,السماح بالرحيل : الطريق نحو التسليم,48.75
البؤساء,37.5,موت صغير,67.5
سلامٌ على إبراهيم,35.63,جورج أورويل : 1984,24.38
متاهة الأرواح,26.25,لا تقولي إنك خائفة,56.25
الخيميائي,18.0,فن أن تكون دائماً على صواب,18.75
جورج أورويل : 1984,24.38,ظل الريح,45.0
قلق السعي إلى المكانة,33.75,هارون أخي,65.82
رسائل غسان كنفاني إلى غادة السمان,31.88,الزبدة,37.5
الليالي البيضاء,22.5,الليالي البيضاء,22.5
شهياً كفراق,45.0,حديث المساء,45.0
كافكا على الشاطئ,60.0,الحارس في حقل الشوفان,26.25
نظرية الفستق : كتاب سيغير طريقة تفكيرك وحكمك على الأشياء,34.99,زحمة حكى,64.65
40 أربعون,42.0,نظرية الفستق : كتاب سيغير طريقة تفكيرك وحكمك على الأشياء,34.99
عداء الطائرة الورقية,52.5,حرب الكلب الثانية,37.5
أرض السافلين,33.75,ابق قوياً 365 يوماً في السنة,56.18
لن يموت,18.75,حالات نادرة قصص غريبة تدور أحداثها حول مراهقات كويتيات,18.75
ثلاثية غرناطة,35.06,شيفرة بلال,37.5
Milk and Honey,56.25,أرض السافلين,33.75
المرحلة الملكية,52.35,أنتيخريستوس,26.25
أولاد حارتنا,24.0,غداً أجمل,39.38
أغنى رجل في بابل,73.5,لأنك الله : رحلة إلى السماء السابعة,10.5
كيف تنجح قبل أن تبدأ,22.85,لج,70.88
الذكاء العيش في الوقت الحاضر,37.5,المرأة الكاملة,60.75
رواية 1984,37.5,أشياء جميلة,26.25
موت صغير,67.5,Milk and Honey,52.35
شجرتي شجرة البرتقال الرائعة,45.0,لعبة الملاك,67.5
حياة في الإدارة,37.5,أنوثة طاغية,40.5
فن أن تكون دائماً على صواب,18.75,خاتم بصبعي,80.67
اكستاسي 65 يوم,108.76,مع النبي صلى الله عليه وسلم,45.0
شقة الحرية,45.0,عندما التقيت عمر بن الخطاب : متى استعبدتم الناس وقد ولدتهم أمهاتهم أحرارآ ؟!,48.75
سجين السماء,37.5,العيش الطيب,37.5
وعاظ السلاطين,48.75,الجريمة والعقاب,48.75
أنا يوسف,26.44,نظرية كل شيء : أصل ومصير الكون,50.63
فى قلبى أنثى عبرية,26.25,جاري الكتابة ...,64.65
لأنك الله : رحلة إلى السماء السابعة,10.5,كل الأشياء,45.0
رَواءُ مَكَّة,37.5,حدثني فقال : أكثر من 300 كلمة نحو الطريق المختصر للتغير,56.51
لعبة العروش : الكتاب الأول من أغنية الجليد والنار,35.63,مجموعة علي الوردي : مهزلة العقل البشري ، وعاظ السلاطين,90.01
خاتم بصبعي,112.51,مثل طير حر,46.24
ناقة صالحة,80.67,الأصل,82.51
الجريمة والعقاب 1/2,75.01,تِسعَة عَشَر,45.0
عزاءات الفلسفة : كيف تساعدنا الفلسفة في الحياة,41.25,السيرة مستمرة,63.75
عاصفة السيوف : الكتاب الثالث من أغنية الجليد والنار 1-2,131.26,عاصفة السيوف : الكتاب الثالث من أغنية الجليد والنار 1-2,131.26
السياسة والحيلة عند العرب : رقائق الحلل في دقائق الحيل,45.0,كاريزما الأنوثة,48.75
ملذّات طوكيو,37.5,"سلسلة أغنية الجليد والنار : لعبة العروش, صدام الملوك, عاصفة السيوف",363.77
سيكولوجية الجماهير,37.5,روائع,23.8
حديث المساء,45.0,شجرتي شجرة البرتقال الرائعة,45.0
عدوي اللدود,52.5,المزدَوَج,30.0
خماسية مدن الملح,187.51,فن اللامبالاة : لعيش حياة تخالف المألوف,37.5
ابق قوياً 365 يوماً في السنة,56.18,ثورة الحور,70.88
مجموعة أغنية الجليد والنار : لعبة العروش ، صدام الملوك ، عاصفة السيوف ، وليمة للغربان,451.16,كيف تتقن لعبة الحياة : حلول ل 369 مشكلة,71.52
ألف شمس ساطعة,52.5,شهياً كفراق,45.0
أنتيخريستوس,26.25,مئة عام من العزلة,42.3
إن مع الصبر نصرآ,52.5,السجينة,37.5
مميز بالأصفر : مقرر مختصر في العيش بحكمة والاختيار بذكاء,32.36,ملهمون,45.0
محمد عبده,11.25,واختفى كل شىء,27.0
فاتتني صلاة !!,23.16,Pharma Guide Pre-Work : Pharmacy Practice for Postgraduate,56.25
الرجال من المريخ النساء من الزهرة,48.0,Pharma Guide Third Edition,93.76
حديث الصباح,45.0,‎أسرار علم الشخصيات وتطويرها‎,48.75
مجموعة علي الوردي : مهزلة العقل البشري ، وعاظ السلاطين,90.01,,
حديث الصباح,90.01,,
المزدَوَج,60.0,,
التخلف الاجتماعي مدخل إلى سيكولوجية الإنسان المقهور,45.0,,
سحر الترتيب : الفن الياباني في التنظيم وإزالة الفوضى,30.0,,
كيف تتقن لعبة الحياة : حلول ل 369 مشكلة,41.25,,
خوارق اللاشعور : أو أسرار الشخصية الناجحة,45.0,,
ظل الريح,71.52,,
وليمة للغربان : 1 – 2,112.51,,
عالم صوفي : رواية حول تاريخ الفلسفة,86.26,,
إسأل تعط : تعلم أن تظهر رغباتك,52.5,,
ليطمئن عقلي,75.01,,
العادات السبع للناس الأكثر فعالية,72.98,,
شيفرة بلال,37.5,,
مئة عامٍ من العزلة,26.25,,
البنت التي لا تحب اسمها,33.75,,
الرقص مع الحياة,56.25,,
جو : عذابات 10 مارس في سجن جو,26.25,,
واختفى كل شىء,27.0,,
مادونا صاحبة معطف الفرو,41.25,,
ملهمون,45.0,,
مجموعة علي الوردي : مهزلة العقل البشري ، وعاظ السلاطين,90.01,,
المزدَوَج,60.0,,
التخلف الاجتماعي مدخل إلى سيكولوجية الإنسان المقهور,45.0,,
سحر الترتيب : الفن الياباني في التنظيم وإزالة الفوضى,30.0,,
كيف تتقن لعبة الحياة : حلول ل 369 مشكلة,41.25,,
خوارق اللاشعور : أو أسرار الشخصية الناجحة,45.0,,
ظل الريح,71.52,,
وليمة للغربان : 1 – 2,86.26,,
عالم صوفي : رواية حول تاريخ الفلسفة,52.5,,
إسأل تعط : تعلم أن تظهر رغباتك,112.51,,
ليطمئن عقلي,72.98,,
العادات السبع للناس الأكثر فعالية,37.5,,
شيفرة بلال,75.01,,
البنت التي لا تحب اسمها,33.75,,
الرقص مع الحياة,56.25,,
مئة عامٍ من العزلة,26.25,,
جو : عذابات 10 مارس في سجن جو,26.25,,
واختفى كل شىء,27.0,,
مادونا صاحبة معطف الفرو,41.25,,
ملهمون,45.0,,
مجموعة علي الوردي : مهزلة العقل البشري ، وعاظ السلاطين,39.0,,
التخلف الاجتماعي مدخل إلى سيكولوجية الإنسان المقهور,60.0,,
سحر الترتيب : الفن الياباني في التنظيم وإزالة الفوضى,45.0,,
المزدَوَج,30.0,,
خوارق اللاشعور : أو أسرار الشخصية الناجحة,41.25,,
ظل الريح,45.0,,
كيف تتقن لعبة الحياة : حلول ل 369 مشكلة,71.52,,
عالم صوفي : رواية حول تاريخ الفلسفة,86.26,,
إسأل تعط : تعلم أن تظهر رغباتك,52.5,,
وليمة للغربان : 1 – 2,112.51,,
العادات السبع للناس الأكثر فعالية,72.98,,
شيفرة بلال,37.5,,
ليطمئن عقلي,75.01,,
الرقص مع الحياة,33.75,,
مئة عامٍ من العزلة,56.25,,
البنت التي لا تحب اسمها,26.25,,
جو : عذابات 10 مارس في سجن جو,26.25,,
واختفى كل شىء,27.0,,
مادونا صاحبة معطف الفرو,41.25,,
ملهمون,45.0,,
مجموعة علي الوردي : مهزلة العقل البشري ، وعاظ السلاطين,90.01,,
التخلف الاجتماعي مدخل إلى سيكولوجية الإنسان المقهور,30.0,,
سحر الترتيب : الفن الياباني في التنظيم وإزالة الفوضى,60.0,,
المزدَوَج,45.0,,
خوارق اللاشعور : أو أسرار الشخصية الناجحة,71.52,,
ظل الريح,41.25,,
كيف تتقن لعبة الحياة : حلول ل 369 مشكلة,45.0,,
عالم صوفي : رواية حول تاريخ الفلسفة,112.51,,
إسأل تعط : تعلم أن تظهر رغباتك,86.26,,
وليمة للغربان : 1 – 2,52.5,,
العادات السبع للناس الأكثر فعالية,75.01,,
شيفرة بلال,72.98,,
ليطمئن عقلي,37.5,,
الرقص مع الحياة,26.25,,
مئة عامٍ من العزلة,33.75,,
البنت التي لا تحب اسمها,56.25,,
جو : عذابات 10 مارس في سجن جو,26.25,,
واختفى كل شىء,27.0,,
مادونا صاحبة معطف الفرو,41.25,,
ملهمون,45.0,,
مجموعة علي الوردي : مهزلة العقل البشري ، وعاظ السلاطين,39.0,,
التخلف الاجتماعي مدخل إلى سيكولوجية الإنسان المقهور,60.0,,
سحر الترتيب : الفن الياباني في التنظيم وإزالة الفوضى,45.0,,
المزدَوَج,30.0,,
خوارق اللاشعور : أو أسرار الشخصية الناجحة,41.25,,
ظل الريح,45.0,,
كيف تتقن لعبة الحياة : حلول ل 369 مشكلة,71.52,,
عالم صوفي : رواية حول تاريخ الفلسفة,86.26,,
إسأل تعط : تعلم أن تظهر رغباتك,52.5,,
وليمة للغربان : 1 – 2,112.51,,
العادات السبع للناس الأكثر فعالية,72.98,,
شيفرة بلال,37.5,,
ليطمئن عقلي,75.01,,
الرقص مع الحياة,33.75,,
مئة عامٍ من العزلة,56.25,,
البنت التي لا تحب اسمها,26.25,,
جو : عذابات 10 مارس في سجن جو,26.25,,
واختفى كل شىء,27.0,,
مادونا صاحبة معطف الفرو,41.25,,
ملهمون,45.0,,
يوم المغفرة,45.0,,
التخلف الاجتماعي مدخل إلى سيكولوجية الإنسان المقهور,45.0,,
سحر الترتيب : الفن الياباني في التنظيم وإزالة الفوضى,30.0,,
المزدَوَج,60.0,,
خوارق اللاشعور : أو أسرار الشخصية الناجحة,45.0,,
ظل الريح,71.52,,
كيف تتقن لعبة الحياة : حلول ل 369 مشكلة,41.25,,
عالم صوفي : رواية حول تاريخ الفلسفة,52.5,,
إسأل تعط : تعلم أن تظهر رغباتك,112.51,,
وليمة للغربان : 1 – 2,86.26,,
العادات السبع للناس الأكثر فعالية,37.5,,
شيفرة بلال,75.01,,
ليطمئن عقلي,72.98,,
الرقص مع الحياة,56.25,,
مئة عامٍ من العزلة,26.25,,
البنت التي لا تحب اسمها,33.75,,
جو : عذابات 10 مارس في سجن جو,26.25,,
واختفى كل شىء,27.0,,
مادونا صاحبة معطف الفرو,41.25,,
ملهمون,45.0,,
يوم المغفرة,90.01,,
التخلف الاجتماعي مدخل إلى سيكولوجية الإنسان المقهور,60.0,,
سحر الترتيب : الفن الياباني في التنظيم وإزالة الفوضى,45.0,,
المزدَوَج,30.0,,
خوارق اللاشعور : أو أسرار الشخصية الناجحة,41.25,,
ظل الريح,45.0,,
كيف تتقن لعبة الحياة : حلول ل 369 مشكلة,71.52,,
عالم صوفي : رواية حول تاريخ الفلسفة,86.26,,
إسأل تعط : تعلم أن تظهر رغباتك,52.5,,
وليمة للغربان : 1 – 2,112.51,,
العادات السبع للناس الأكثر فعالية,72.98,,
شيفرة بلال,37.5,,
ليطمئن عقلي,75.01,,
الرقص مع الحياة,33.75,,
مئة عامٍ من العزلة,56.25,,
البنت التي لا تحب اسمها,26.25,,
جو : عذابات 10 مارس في سجن جو,26.25,,
واختفى كل شىء,27.0,,
مادونا صاحبة معطف الفرو,41.25,,
ملهمون,45.0,,
يوم المغفرة,90.01,,
التخلف الاجتماعي مدخل إلى سيكولوجية الإنسان المقهور,60.0,,
سحر الترتيب : الفن الياباني في التنظيم وإزالة الفوضى,45.0,,
المزدَوَج,30.0,,
خوارق اللاشعور : أو أسرار الشخصية الناجحة,41.25,,
ظل الريح,45.0,,
كيف تتقن لعبة الحياة : حلول ل 369 مشكلة,71.52,,
عالم صوفي : رواية حول تاريخ الفلسفة,86.26,,
إسأل تعط : تعلم أن تظهر رغباتك,52.5,,
وليمة للغربان : 1 – 2,112.51,,
العادات السبع للناس الأكثر فعالية,72.98,,
شيفرة بلال,37.5,,
ليطمئن عقلي,75.01,,
الرقص مع الحياة,33.75,,
مئة عامٍ من العزلة,56.25,,
البنت التي لا تحب اسمها,26.25,,
جو : عذابات 10 مارس في سجن جو,26.25,,
واختفى كل شىء,27.0,,
مادونا صاحبة معطف الفرو,41.25,,
ملهمون,45.0,,
يوم المغفرة,39.0,,
التخلف الاجتماعي مدخل إلى سيكولوجية الإنسان المقهور,60.0,,
سحر الترتيب : الفن الياباني في التنظيم وإزالة الفوضى,45.0,,
المزدَوَج,30.0,,
خوارق اللاشعور : أو أسرار الشخصية الناجحة,41.25,,
ظل الريح,45.0,,
كيف تتقن لعبة الحياة : حلول ل 369 مشكلة,71.52,,
عالم صوفي : رواية حول تاريخ الفلسفة,86.26,,
إسأل تعط : تعلم أن تظهر رغباتك,52.5,,
وليمة للغربان : 1 – 2,112.51,,
العادات السبع للناس الأكثر فعالية,72.98,,
شيفرة بلال,37.5,,
ليطمئن عقلي,75.01,,
الرقص مع الحياة,33.75,,
مئة عامٍ من العزلة,56.25,,
البنت التي لا تحب اسمها,26.25,,
جو : عذابات 10 مارس في سجن جو,26.25,,
واختفى كل شىء,27.0,,
مادونا صاحبة معطف الفرو,41.25,,
ملهمون,45.0,,
يوم المغفرة,39.0,,
التخلف الاجتماعي مدخل إلى سيكولوجية الإنسان المقهور,60.0,,
سحر الترتيب : الفن الياباني في التنظيم وإزالة الفوضى,45.0,,
المزدَوَج,30.0,,
خوارق اللاشعور : أو أسرار الشخصية الناجحة,41.25,,
ظل الريح,45.0,,
كيف تتقن لعبة الحياة : حلول ل 369 مشكلة,71.52,,
عالم صوفي : رواية حول تاريخ الفلسفة,86.26,,
إسأل تعط : تعلم أن تظهر رغباتك,52.5,,
وليمة للغربان : 1 – 2,112.51,,
العادات السبع للناس الأكثر فعالية,72.98,,
شيفرة بلال,37.5,,
ليطمئن عقلي,75.01,,
الرقص مع الحياة,33.75,,
مئة عامٍ من العزلة,56.25,,
البنت التي لا تحب اسمها,26.25,,
جو : عذابات 10 مارس في سجن جو,26.25,,
واختفى كل شىء,27.0,,
مادونا صاحبة معطف الفرو,41.25,,
ملهمون,45.0,,
يوم المغفرة,48.0,,
التخلف الاجتماعي مدخل إلى سيكولوجية الإنسان المقهور,45.0,,
سحر الترتيب : الفن الياباني في التنظيم وإزالة الفوضى,30.0,,
المزدَوَج,60.0,,
خوارق اللاشعور : أو أسرار الشخصية الناجحة,45.0,,
ظل الريح,71.52,,
كيف تتقن لعبة الحياة : حلول ل 369 مشكلة,41.25,,
عالم صوفي : رواية حول تاريخ الفلسفة,52.5,,
إسأل تعط : تعلم أن تظهر رغباتك,112.51,,
وليمة للغربان : 1 – 2,86.26,,
العادات السبع للناس الأكثر فعالية,37.5,,
شيفرة بلال,75.01,,
ليطمئن عقلي,72.98,,
الرقص مع الحياة,33.75,,
مئة عامٍ من العزلة,56.25,,
البنت التي لا تحب اسمها,26.25,,
جو : عذابات 10 مارس في سجن جو,26.25,,
واختفى كل شىء,27.0,,
مادونا صاحبة معطف الفرو,41.25,,
ملهمون,45.0,,
يوم المغفرة,39.0,,
التخلف الاجتماعي مدخل إلى سيكولوجية الإنسان المقهور,60.0,,
سحر الترتيب : الفن الياباني في التنظيم وإزالة الفوضى,45.0,,
المزدَوَج,30.0,,
خوارق اللاشعور : أو أسرار الشخصية الناجحة,41.25,,
ظل الريح,45.0,,
كيف تتقن لعبة الحياة : حلول ل 369 مشكلة,71.52,,
عالم صوفي : رواية حول تاريخ الفلسفة,86.26,,
إسأل تعط : تعلم أن تظهر رغباتك,52.5,,
وليمة للغربان : 1 – 2,112.51,,
العادات السبع للناس الأكثر فعالية,72.98,,
شيفرة بلال,37.5,,
ليطمئن عقلي,75.01,,
الرقص مع الحياة,33.75,,
مئة عامٍ من العزلة,56.25,,
البنت التي لا تحب اسمها,26.25,,
جو : عذابات 10 مارس في سجن جو,26.25,,
واختفى كل شىء,27.0,,
مادونا صاحبة معطف الفرو,41.25,,
ملهمون,45.0,,
يوم المغفرة,39.0,,
التخلف الاجتماعي مدخل إلى سيكولوجية الإنسان المقهور,60.0,,
سحر الترتيب : الفن الياباني في التنظيم وإزالة الفوضى,45.0,,
المزدَوَج,30.0,,
خوارق اللاشعور : أو أسرار الشخصية الناجحة,41.25,,
ظل الريح,45.0,,
كيف تتقن لعبة الحياة : حلول ل 369 مشكلة,71.52,,
عالم صوفي : رواية حول تاريخ الفلسفة,86.26,,
إسأل تعط : تعلم أن تظهر رغباتك,52.5,,
وليمة للغربان : 1 – 2,112.51,,
العادات السبع للناس الأكثر فعالية,72.98,,
شيفرة بلال,37.5,,
ليطمئن عقلي,75.01,,
الرقص مع الحياة,33.75,,
مئة عامٍ من العزلة,56.25,,
البنت التي لا تحب اسمها,26.25,,
جو : عذابات 10 مارس في سجن جو,26.25,,
واختفى كل شىء,27.0,,
مادونا صاحبة معطف الفرو,41.25,,
ملهمون,45.0,,
يوم المغفرة,39.0,,
التخلف الاجتماعي مدخل إلى سيكولوجية الإنسان المقهور,60.0,,
سحر الترتيب : الفن الياباني في التنظيم وإزالة الفوضى,45.0,,
المزدَوَج,30.0,,
خوارق اللاشعور : أو أسرار الشخصية الناجحة,41.25,,
ظل الريح,45.0,,
كيف تتقن لعبة الحياة : حلول ل 369 مشكلة,71.52,,
عالم صوفي : رواية حول تاريخ الفلسفة,86.26,,
إسأل تعط : تعلم أن تظهر رغباتك,52.5,,
وليمة للغربان : 1 – 2,112.51,,
العادات السبع للناس الأكثر فعالية,72.98,,
شيفرة بلال,37.5,,
ليطمئن عقلي,75.01,,
الرقص مع الحياة,33.75,,
مئة عامٍ من العزلة,56.25,,
البنت التي لا تحب اسمها,26.25,,
جو : عذابات 10 مارس في سجن جو,26.25,,
واختفى كل شىء,27.0,,
مادونا صاحبة معطف الفرو,41.25,,
ملهمون,45.0,,
مجموعة علي الوردي : مهزلة العقل البشري ، وعاظ السلاطين,39.0,,
التخلف الاجتماعي مدخل إلى سيكولوجية الإنسان المقهور,60.0,,
سحر الترتيب : الفن الياباني في التنظيم وإزالة الفوضى,45.0,,
المزدَوَج,30.0,,
خوارق اللاشعور : أو أسرار الشخصية الناجحة,41.25,,
ظل الريح,45.0,,
كيف تتقن لعبة الحياة : حلول ل 369 مشكلة,71.52,,
عالم صوفي : رواية حول تاريخ الفلسفة,86.26,,
إسأل تعط : تعلم أن تظهر رغباتك,52.5,,
وليمة للغربان : 1 – 2,112.51,,
العادات السبع للناس الأكثر فعالية,72.98,,
شيفرة بلال,37.5,,
ليطمئن عقلي,75.01,,
الرقص مع الحياة,33.75,,
مئة عامٍ من العزلة,56.25,,
البنت التي لا تحب اسمها,26.25,,
جو : عذابات 10 مارس في سجن جو,26.25,,
واختفى كل شىء,27.0,,
مادونا صاحبة معطف الفرو,41.25,,
ملهمون,45.0,,
